{"cameraMode":{"drawMode":0,"name":"Shaded","section":"Shading Mode"},"sceneLighting":false,"audioPlay":false,"sceneViewState":{"m_AlwaysRefresh":false,"showFog":true,"showSkybox":false,"showFlares":true,"showImageEffects":true,"showParticleSystems":true,"showVisualEffectGraphs":true,"m_FxEnabled":true},"in2DMode":false,"pivot":{"x":-7.600006103515625,"y":-11.01068115234375,"z":22.600006103515626},"rotation":{"x":0.030683055520057679,"y":-0.9551383256912231,"z":0.2745489478111267,"w":0.10674456506967545},"size":147.22213745117188,"orthographic":false}